<?xml version="1.0" encoding="utf-8"?>
<extension type="component" method="upgrade">
    <name>COM_LINEADETIEMPO</name>
    <author>Joel Salazar</author>
    <creationDate>Mayo 2025</creationDate>
    <copyright>Copyright (C) 2023-2025 Joel Salazar. All rights reserved.</copyright>
    <license>GNU General Public License version 2 or later; see LICENSE.txt</license>
    <authorEmail>salazarjoelo@gmail.com</authorEmail>
    <authorUrl>salazarjoelo.github.io</authorUrl>
    <version>1.0.0</version>
    <description>COM_LINEADETIEMPO_DESCRIPTION</description>

    <namespace>Salazarjoelo\Component\LineaDeTiempo</namespace>

    <scriptfile>script.php</scriptfile>

    <install>
        <sql>
            <file driver="mysql" charset="utf8mb4">administrator/sql/install.mysql.utf8.sql</file>
        </sql>
    </install>
    <uninstall>
        <sql>
            <file driver="mysql" charset="utf8mb4">administrator/sql/uninstall.mysql.utf8.sql</file>
        </sql>
    </uninstall>
    <update>
        <schemas>
            <schemapath type="mysql">sql/updates/mysql</schemapath>
        </schemas>
    </update>

    <files folder="site">
        <folder>language</folder>
        <folder>layouts</folder>
        <folder>src</folder>
        <folder>tmpl</folder>
        <filename>index.html</filename>
    </files>

    <media destination="com_lineadetiempo" folder="media">
        <folder>css</folder>
        <folder>images</folder>
        <folder>js</folder>
        <filename>index.html</filename>
    </media>

    <administration>
        <menu link="index.php?option=com_lineadetiempo&amp;view=items"
              view="items"
              img="class:list-ul icon-list-ul"
              alt="LineaDeTiempo/Items">COM_LINEADETIEMPO_MENU_ITEMS</menu>
        <submenu>
            <menu link="index.php?option=com_lineadetiempo&amp;view=items"
                  view="items"
                  img="class:list-ul icon-list-ul"
                  alt="LineaDeTiempo/Items">COM_LINEADETIEMPO_SUBMENU_ITEMS</menu>
        </submenu>

        <files folder="administrator">
            <filename>access.xml</filename>
            <filename>config.xml</filename>
            <filename>index.html</filename>
            <folder>forms</folder>
            <folder>language</folder>
            <folder>layouts</folder>
            <folder>sql</folder>
            <folder>src</folder>
            <folder>tmpl</folder>
        </files>

        <languages folder="administrator">
            <language tag="en-GB">language/en-GB/en-GB.com_lineadetiempo.ini</language>
            <language tag="en-GB">language/en-GB/en-GB.com_lineadetiempo.sys.ini</language>
            <language tag="es-ES">language/es-ES/es-ES.com_lineadetiempo.ini</language>
            <language tag="es-ES">language/es-ES/es-ES.com_lineadetiempo.sys.ini</language>
        </languages>

        <languages folder="site">
            <language tag="en-GB">language/en-GB/en-GB.com_lineadetiempo.ini</language>
            <language tag="es-ES">language/es-ES/es-ES.com_lineadetiempo.ini</language>
        </languages>
    </administration>

    <minPhpVersion>8.1.0</minPhpVersion>
    <minJoomlaVersion>5.0.0</minJoomlaVersion>
</extension>